NAME,ENUMERATION,UUID,FORCE,SUPERIOR OR OVERLAY,POINTS LAT,LONG,ALT,,,,,,,,,,,,,,,,,,,,,,,,,,,
Window1,16:0:0:1:0:0:0,VRF_UUID:005b9ba2-d030-4ef8-b692-1c4586724268,1,,29.9994918,33.0004458,10.015047,,,,,,,,,,,,,,,,,,,,,,,,,,,
Waypoint 73,16:0:0:1:0:0:0,VRF_UUID:017e7a5b-718a-4b1e-bb5d-5487dc5e0406,1,,30.0000133,33.0005768,20.0106408,,,,,,,,,,,,,,,,,,,,,,,,,,,
Waypoint 60,16:0:0:1:0:0:0,VRF_UUID:06315688-2679-48f9-81c3-27991a11f33e,1,,29.9995147,33.0003452,20.0037185,,,,,,,,,,,,,,,,,,,,,,,,,,,
Waypoint 56,16:0:0:1:0:0:0,VRF_UUID:07f80310-b2d3-4ff8-ad17-5a64d6750539,1,,29.9999138,33.0003452,19.9562061,,,,,,,,,,,,,,,,,,,,,,,,,,,
Waypoint 88,16:0:0:1:0:0:0,VRF_UUID:07fcd08a-017a-4980-89a1-c8ae59ffd6a2,1,,29.9994153,33.0006933,19.8113736,,,,,,,,,,,,,,,,,,,,,,,,,,,
Waypoint 74,16:0:0:1:0:0:0,VRF_UUID:080a271e-e339-4bc9-9423-fa4c44119874,1,,29.9999151,33.0005768,26.9305405,,,,,,,,,,,,,,,,,,,,,,,,,,,
Waypoint 79,16:0:0:1:0:0:0,VRF_UUID:089f32a0-0f20-4533-89e0-f702ece2febd,1,,29.9994166,33.0005768,19.8113717,,,,,,,,,,,,,,,,,,,,,,,,,,,
Waypoint 75,16:0:0:1:0:0:0,VRF_UUID:0b000737-4fd0-4db3-8250-c9a0beb290d4,1,,29.9998157,33.0005768,20.0046878,,,,,,,,,,,,,,,,,,,,,,,,,,,
Waypoint 106,16:0:0:1:0:0:0,VRF_UUID:0d67a156-39f5-466f-83e6-77eaebf6caf8,1,,29.999414,33.0009218,27.7568848,,,,,,,,,,,,,,,,,,,,,,,,,,,
Waypoint 110,16:0:0:1:0:0:0,VRF_UUID:0da3779a-6085-4fe3-97ee-efd1b96d29c4,1,,29.9999151,33.0010383,26.3893628,,,,,,,,,,,,,,,,,,,,,,,,,,,
Waypoint 78,16:0:0:1:0:0:0,VRF_UUID:10c11605-2b27-4259-a062-59c8e37a0ea6,1,,29.9995161,33.0005768,19.6907577,,,,,,,,,,,,,,,,,,,,,,,,,,,
Waypoint 99,16:0:0:1:0:0:0,VRF_UUID:13e0aaab-879e-4e59-aecb-0eab7e2317be,1,,29.9992142,33.0008068,31.2868418,,,,,,,,,,,,,,,,,,,,,,,,,,,
Waypoint 89,16:0:0:1:0:0:0,VRF_UUID:1582ccf8-99bf-4819-a025-dd19795776ed,1,,29.9993149,33.0006948,23.755322,,,,,,,,,,,,,,,,,,,,,,,,,,,
Waypoint 46,16:0:0:1:0:0:0,VRF_UUID:16f41960-007e-4854-a525-e79a40c8adc2,1,,30.0000133,33.0002302,20.2520133,,,,,,,,,,,,,,,,,,,,,,,,,,,
Waypoint 21,16:0:0:1:0:0:0,VRF_UUID:170bce08-9a6a-4174-b2bb-d1bad11498be,1,,29.9998157,32.9998836,19.1565387,,,,,,,,,,,,,,,,,,,,,,,,,,,
Waypoint 132,16:0:0:1:0:0:0,VRF_UUID:1983b3c5-3511-4aa9-a6f5-7e02ecefb921,1,,29.9995134,33.0012684,34.136219,,,,,,,,,,,,,,,,,,,,,,,,,,,
Waypoint 19,16:0:0:1:0:0:0,VRF_UUID:1aadab89-492e-4fc9-bd08-b879cfd5b646,1,,30.0000132,32.9998836,23.3185291,,,,,,,,,,,,,,,,,,,,,,,,,,,
Waypoint 8,16:0:0:1:0:0:0,VRF_UUID:1aca997f-336f-4feb-931d-3af92449d7c3,1,,29.9993145,32.9996559,32.6988141,,,,,,,,,,,,,,,,,,,,,,,,,,,
Waypoint 80,16:0:0:1:0:0:0,VRF_UUID:1b5c30c7-625a-4a61-ace4-6925b9c56fc6,1,,29.9993163,33.0005783,19.9676725,,,,,,,,,,,,,,,,,,,,,,,,,,,
Waypoint 109,16:0:0:1:0:0:0,VRF_UUID:1b8dd79c-3e69-41e0-9227-be4305cb2ca0,1,,30.0000132,33.0010383,30.3999746,,,,,,,,,,,,,,,,,,,,,,,,,,,
Scanner1,16:0:0:1:0:0:0,VRF_UUID:1d0431fe-598f-4ef7-ab98-8f29ece68e58,1,,29.9994623,33.0012379,32.9879463,,,,,,,,,,,,,,,,,,,,,,,,,,,
Waypoint 96,16:0:0:1:0:0:0,VRF_UUID:1f847cf2-cec8-4e59-9696-0e0223e8dcdd,1,,29.9995121,33.0008068,19.807417,,,,,,,,,,,,,,,,,,,,,,,,,,,
Waypoint 108,16:0:0:1:0:0:0,VRF_UUID:23be5663-0277-4591-9272-7bec1bcac0d4,1,,29.9992155,33.0009218,38.7722085,,,,,,,,,,,,,,,,,,,,,,,,,,,
Waypoint 121,16:0:0:1:0:0:0,VRF_UUID:26f38291-a6b0-47f6-8df5-fbcf0b1cfb4a,1,,29.9997123,33.0011518,35.8094986,,,,,,,,,,,,,,,,,,,,,,,,,,,
Waypoint 116,16:0:0:1:0:0:0,VRF_UUID:2785f89d-0aed-493c-81a8-4fb5ee9dba96,1,,29.9993163,33.0010399,34.3758842,,,,,,,,,,,,,,,,,,,,,,,,,,,
Waypoint 126,16:0:0:1:0:0:0,VRF_UUID:27f58ddf-901d-4a94-8c13-40be5bd6aa37,1,,29.9992155,33.0011518,43.0585375,,,,,,,,,,,,,,,,,,,,,,,,,,,
Waypoint 34,16:0:0:1:0:0:0,VRF_UUID:28018e1f-3e3a-4747-b6c9-b105e803142c,1,,29.999418,32.9999987,19.916598,,,,,,,,,,,,,,,,,,,,,,,,,,,
Waypoint 84,16:0:0:1:0:0:0,VRF_UUID:2a0ccfc4-07bb-4328-943b-2b963a268119,1,,29.9998144,33.0006933,20.6549079,,,,,,,,,,,,,,,,,,,,,,,,,,,
Waypoint 52,16:0:0:1:0:0:0,VRF_UUID:2a5201d4-0d90-4806-a3b8-b92e96b345c8,1,,29.9994166,33.0002302,19.7072463,,,,,,,,,,,,,,,,,,,,,,,,,,,
Waypoint 97,16:0:0:1:0:0:0,VRF_UUID:2a773a2d-d619-43f1-aac2-401e159bdf8e,1,,29.9994127,33.0008068,19.618038,,,,,,,,,,,,,,,,,,,,,,,,,,,
Waypoint 67,16:0:0:1:0:0:0,VRF_UUID:2ac3fd08-8ddc-4c1f-9a6f-2662e8b32499,1,,29.9997136,33.0004602,20.3933593,,,,,,,,,,,,,,,,,,,,,,,,,,,
Waypoint 36,16:0:0:1:0:0:0,VRF_UUID:2ae5e88d-a9af-43d0-8add-b6777457e3b1,1,,29.9992195,32.9999987,28.1471965,,,,,,,,,,,,,,,,,,,,,,,,,,,
House1,16:0:0:1:0:0:0,VRF_UUID:2b150815-cbd8-4408-b143-4fd3b4faba16,1,,29.9994717,33.0004931,3.47207769,,,,,,,,,,,,,,,,,,,,,,,,,,,
Waypoint 95,16:0:0:1:0:0:0,VRF_UUID:2b2ff8e7-c3b3-48f0-b668-fe0849d0d6d4,1,,29.9996115,33.0008068,19.6320883,,,,,,,,,,,,,,,,,,,,,,,,,,,
Waypoint 114,16:0:0:1:0:0:0,VRF_UUID:2e3cfad2-655e-40b7-b143-bc46f799d574,1,,29.9995161,33.0010383,29.6220601,,,,,,,,,,,,,,,,,,,,,,,,,,,
Waypoint 76,16:0:0:1:0:0:0,VRF_UUID:2e64d40e-604e-4398-927a-d619d04bd8d0,1,,29.999715,33.0005768,20.2774059,,,,,,,,,,,,,,,,,,,,,,,,,,,
Waypoint 83,16:0:0:1:0:0:0,VRF_UUID:2eaf057a-b37f-4954-9fa4-88506301060f,1,,29.9999138,33.0006933,21.0651592,,,,,,,,,,,,,,,,,,,,,,,,,,,
Scanner3,16:0:0:1:0:0:0,VRF_UUID:2f33a387-0eb3-486c-8daa-71c2bf9e86c2,1,,30.0001362,33.0003552,27.6133062,,,,,,,,,,,,,,,,,,,,,,,,,,,
Waypoint 22,16:0:0:1:0:0:0,VRF_UUID:2f6c3f89-8f5a-4b51-9ecb-5f67b7a2727a,1,,29.9997149,32.9998836,18.4542007,,,,,,,,,,,,,,,,,,,,,,,,,,,
Waypoint 16,16:0:0:1:0:0:0,VRF_UUID:31f71379-01ce-4aaf-8ec1-ea7e011ecfa7,1,,29.9994166,32.9997686,19.2368078,,,,,,,,,,,,,,,,,,,,,,,,,,,
Waypoint 28,16:0:0:1:0:0:0,VRF_UUID:3248aea7-bced-44de-ad73-40e81cb9a90a,1,,30.0000145,32.9999987,21.9175119,,,,,,,,,,,,,,,,,,,,,,,,,,,
Waypoint 45,16:0:0:1:0:0:0,VRF_UUID:3423032d-1430-4527-81d6-8964131d8b6b,1,,29.9992182,33.0001152,20.3434544,,,,,,,,,,,,,,,,,,,,,,,,,,,
Waypoint 1,16:0:0:1:0:0:0,VRF_UUID:356faf8e-9d96-4e4a-b5f9-a9c13fcebe8d,1,,30.0000115,32.9996544,39.2560402,,,,,,,,,,,,,,,,,,,,,,,,,,,
Waypoint 50,16:0:0:1:0:0:0,VRF_UUID:3725ab32-8865-4e32-b7bb-d001c4a081de,1,,29.9996155,33.0002302,19.6180129,,,,,,,,,,,,,,,,,,,,,,,,,,,
Waypoint 30,16:0:0:1:0:0:0,VRF_UUID:3850b4c6-49bb-4d7a-bee1-53c90ee035b8,1,,29.999817,32.9999987,24.7656826,,,,,,,,,,,,,,,,,,,,,,,,,,,
Waypoint 33,16:0:0:1:0:0:0,VRF_UUID:3a11a124-4a1f-46d4-9594-53ffa29fe3b3,1,,29.9995174,32.9999987,19.9839488,,,,,,,,,,,,,,,,,,,,,,,,,,,
Waypoint 31,16:0:0:1:0:0:0,VRF_UUID:3c7e4718-b59a-4bc9-83a5-7bfca7d4c01e,1,,29.9997163,32.9999987,20.282416,,,,,,,,,,,,,,,,,,,,,,,,,,,
Waypoint 35,16:0:0:1:0:0:0,VRF_UUID:3d4e5098-3fac-4b74-a6c6-900fefe8dfa0,1,,29.9993176,33.0000002,26.6621501,,,,,,,,,,,,,,,,,,,,,,,,,,,
Waypoint 117,16:0:0:1:0:0:0,VRF_UUID:439d7cbe-f5e0-40ba-8dab-2b32b5764484,1,,29.9992182,33.0010383,42.3967801,,,,,,,,,,,,,,,,,,,,,,,,,,,
Waypoint 69,16:0:0:1:0:0:0,VRF_UUID:44cfc1fe-dda7-4ea8-abac-2bcedf05c939,1,,29.9995148,33.0004602,32.1289574,,,,,,,,,,,,,,,,,,,,,,,,,,,
Waypoint 65,16:0:0:1:0:0:0,VRF_UUID:49ba554e-3536-44fd-bcd6-f8aa9a136e60,1,,29.9999138,33.0004602,23.5947736,,,,,,,,,,,,,,,,,,,,,,,,,,,
Waypoint 100,16:0:0:1:0:0:0,VRF_UUID:4b610103-4448-4f11-b468-d8f9dc2134ae,1,,30.0000105,33.0009218,30.5333631,,,,,,,,,,,,,,,,,,,,,,,,,,,
Path2,17:0:0:2:0:0:0,VRF_UUID:4ddb46d4-c600-4e3d-b9ec-1852ebd76750,1,Tactical Graphics,29.9993825,33.0002122,-0.390682418,29.9995118,33.0002082,-0.390672229,29.9995114,33.0002533,-0.390669329,29.9995096,33.0002783,-0.00499354924,,,,,,,,,,,,,,,,,,
Waypoint 49,16:0:0:1:0:0:0,VRF_UUID:4f04332b-bfae-4611-b27c-280e90de7357,1,,29.999715,33.0002302,19.6180494,,,,,,,,,,,,,,,,,,,,,,,,,,,
Waypoint 127,16:0:0:1:0:0:0,VRF_UUID:4f7955f8-9992-4b1f-962f-3f68b83d6f26,1,,30.0000106,33.0012684,37.6261776,,,,,,,,,,,,,,,,,,,,,,,,,,,
Waypoint 64,16:0:0:1:0:0:0,VRF_UUID:5329d1e6-c73f-4845-aa26-024634c7eda5,1,,30.0000119,33.0004602,20.0051085,,,,,,,,,,,,,,,,,,,,,,,,,,,
Waypoint 27,16:0:0:1:0:0:0,VRF_UUID:58f2ce7e-58f1-4f62-a9ab-095d02e429a7,1,,29.9992182,32.9998837,22.1201389,,,,,,,,,,,,,,,,,,,,,,,,,,,
Sucidie3,16:0:0:1:0:0:0,VRF_UUID:5a816d69-fd6a-4210-84ff-1564d4c6e31c,1,,29.999874,33.0005058,19.6143173,,,,,,,,,,,,,,,,,,,,,,,,,,,
Waypoint 135,16:0:0:1:0:0:0,VRF_UUID:5aef51e2-4a3b-4578-addc-3374295d11cd,1,,29.9992155,33.0012683,45.2229681,,,,,,,,,,,,,,,,,,,,,,,,,,,
Waypoint 14,16:0:0:1:0:0:0,VRF_UUID:5bb32ba8-5365-4ddc-b936-b0883b4a4808,1,,29.9996155,32.9997686,24.9694846,,,,,,,,,,,,,,,,,,,,,,,,,,,
Waypoint 112,16:0:0:1:0:0:0,VRF_UUID:5e3518cb-8547-465d-af2f-95dd55ac0b47,1,,29.9997149,33.0010383,31.2989837,,,,,,,,,,,,,,,,,,,,,,,,,,,
Waypoint 57,16:0:0:1:0:0:0,VRF_UUID:5e648698-522d-4ee8-9bda-522a1d3420fc,1,,29.9998144,33.0003452,20.004688,,,,,,,,,,,,,,,,,,,,,,,,,,,
Waypoint 43,16:0:0:1:0:0:0,VRF_UUID:5ffce15b-be2d-4450-93dd-ab17029a7b4a,1,,29.9994166,33.0001152,31.4143377,,,,,,,,,,,,,,,,,,,,,,,,,,,
Waypoint 29,16:0:0:1:0:0:0,VRF_UUID:67802a1e-f3bc-4a1d-addf-0dfc75d8f976,1,,29.9999165,32.9999987,25.1069652,,,,,,,,,,,,,,,,,,,,,,,,,,,
Waypoint 131,16:0:0:1:0:0:0,VRF_UUID:68db98ed-6388-4911-a8d4-a957cfba8233,1,,29.9996128,33.0012684,41.0013359,,,,,,,,,,,,,,,,,,,,,,,,,,,
Ellipse 1,19:0:0:1:0:0:0,VRF_UUID:69f6d8de-8dc1-4340-a968-fb842cdf39ed,1,Tactical Graphics,29.9996752,33.0002145,-0.193326775,29.9999199,33.0002145,-0.193337071,29.9996752,33.0007159,-0.193364116,,,,,,,,,,,,,,,,,,,,,
Waypoint 23,16:0:0:1:0:0:0,VRF_UUID:6af82a0b-50a1-4260-a53c-47105c286ed2,1,,29.9996155,32.9998836,20.8239453,,,,,,,,,,,,,,,,,,,,,,,,,,,
Waypoint 25,16:0:0:1:0:0:0,VRF_UUID:6b537162-be90-4c51-a191-3a51218589dc,1,,29.9994166,32.9998836,20.0288083,,,,,,,,,,,,,,,,,,,,,,,,,,,
Waypoint 24,16:0:0:1:0:0:0,VRF_UUID:6cb44e07-f052-4b58-85f8-bedd6a9e1a66,1,,29.9995161,32.9998836,52.0574647,,,,,,,,,,,,,,,,,,,,,,,,,,,
Waypoint 11,16:0:0:1:0:0:0,VRF_UUID:6d709a43-a12c-4236-98fb-100b7e29179e,1,,29.9999151,32.9997686,28.5978913,,,,,,,,,,,,,,,,,,,,,,,,,,,
Waypoint 104,16:0:0:1:0:0:0,VRF_UUID:6e01eec9-30a6-4ade-a64c-9e98bb27ac5f,1,,29.9996129,33.0009218,26.1730452,,,,,,,,,,,,,,,,,,,,,,,,,,,
Waypoint 68,16:0:0:1:0:0:0,VRF_UUID:6e423d62-306a-4bd4-83ae-9a550cc7f1e5,1,,29.9996142,33.0004602,20.0036959,,,,,,,,,,,,,,,,,,,,,,,,,,,
Waypoint 26,16:0:0:1:0:0:0,VRF_UUID:6e4f1cc3-0963-4e3c-a598-5ef88cc37e2f,1,,29.9993163,32.9998852,19.974412,,,,,,,,,,,,,,,,,,,,,,,,,,,
SensorDrone,1:2:45:50:127:1:0,VRF_UUID:72e4f954-c95e-473a-83a1-18e22e3ded0e,1,,29.9967071,32.9994369,2.16229518,,,,,,,,,,,,,,,,,,,,,,,,,,,
Waypoint 6,16:0:0:1:0:0:0,VRF_UUID:745e7499-ad17-4132-a328-b69434de0a43,1,,29.9995144,32.9996544,35.784925,,,,,,,,,,,,,,,,,,,,,,,,,,,
Waypoint 125,16:0:0:1:0:0:0,VRF_UUID:76d32ed4-4062-4a75-b0ba-a9e6b9549397,1,,29.9993136,33.0011533,46.7406829,,,,,,,,,,,,,,,,,,,,,,,,,,,
Waypoint 81,16:0:0:1:0:0:0,VRF_UUID:7a7b0259-d514-4a87-b210-cf7b091313d7,1,,29.9992182,33.0005768,32.1287912,,,,,,,,,,,,,,,,,,,,,,,,,,,
Waypoint 17,16:0:0:1:0:0:0,VRF_UUID:7ae17900-43ce-40a3-90d7-338833f02406,1,,29.9993163,32.9997702,16.6836893,,,,,,,,,,,,,,,,,,,,,,,,,,,
Sniper,3:1:222:4:205:1:0,VRF_UUID:7c5a03ac-db9d-4029-b8ec-6019897749dc,2,,29.999796,33.0004159,0.0447149366,,,,,,,,,,,,,,,,,,,,,,,,,,,
Waypoint 61,16:0:0:1:0:0:0,VRF_UUID:7d21a682-a201-4079-9328-169c4a4d7dd0,1,,29.9994153,33.0003452,19.8113706,,,,,,,,,,,,,,,,,,,,,,,,,,,
Waypoint 39,16:0:0:1:0:0:0,VRF_UUID:8118af4c-09c7-4db9-930a-d4a456b758c5,1,,29.9998157,33.0001152,20.0046881,,,,,,,,,,,,,,,,,,,,,,,,,,,
Waypoint 37,16:0:0:1:0:0:0,VRF_UUID:82b7a146-5729-41e5-ae22-abdfdfec7d82,1,,30.0000132,33.0001152,20.9156409,,,,,,,,,,,,,,,,,,,,,,,,,,,
Waypoint 90,16:0:0:1:0:0:0,VRF_UUID:8596b5c4-f7b1-4202-940e-01d3b8df4d21,1,,29.9992168,33.0006933,25.0551839,,,,,,,,,,,,,,,,,,,,,,,,,,,
Waypoint 4,16:0:0:1:0:0:0,VRF_UUID:859d5a6d-2661-4067-9f10-493b25b2eb56,1,,29.9997132,32.9996544,37.9786166,,,,,,,,,,,,,,,,,,,,,,,,,,,
Waypoint 70,16:0:0:1:0:0:0,VRF_UUID:87d1b189-2ce3-4254-9b0a-4a85a2446a02,1,,29.9994153,33.0004602,19.8113714,,,,,,,,,,,,,,,,,,,,,,,,,,,
Waypoint 86,16:0:0:1:0:0:0,VRF_UUID:88c5704f-10ef-452a-8811-2557c013068d,1,,29.9996142,33.0006933,20.0736151,,,,,,,,,,,,,,,,,,,,,,,,,,,
Waypoint 55,16:0:0:1:0:0:0,VRF_UUID:89de0cc9-1b40-4d72-b650-1235ee31576b,1,,30.000012,33.0003452,20.0054105,,,,,,,,,,,,,,,,,,,,,,,,,,,
Path1,17:0:0:2:0:0:0,VRF_UUID:8b84a8cc-4b9e-4f40-8b78-9da162e511db,1,Tactical Graphics,29.9968816,32.9994866,1.75025599,29.9969181,32.9994912,2.30123867,29.9973316,32.9996937,1.02103409,29.9977419,32.9998162,2.34626527,29.9983693,33.0001438,1.14929717,29.9987616,33.0002219,3.81971129,29.9991068,33.0002142,0.213150453,29.9992864,33.0001952,-0.182928821,29.9993341,33.0001884,-0.180931998,29.9993667,33.0002117,-0.18193179
Scanner2,16:0:0:1:0:0:0,VRF_UUID:8ea9cadd-a179-4aeb-97cd-d7887ae632d6,1,,29.9999499,33.0010976,29.3279355,,,,,,,,,,,,,,,,,,,,,,,,,,,
Waypoint 48,16:0:0:1:0:0:0,VRF_UUID:8ffa9132-d52b-47ef-b692-e4dbec9a658c,1,,29.9998157,33.0002302,19.6180174,,,,,,,,,,,,,,,,,,,,,,,,,,,
Waypoint 82,16:0:0:1:0:0:0,VRF_UUID:910ad3ae-0882-41cb-8bf4-591862033c61,1,,30.0000118,33.0006933,24.295403,,,,,,,,,,,,,,,,,,,,,,,,,,,
Waypoint 93,16:0:0:1:0:0:0,VRF_UUID:9124bab8-7842-4c68-89a8-44a6df0bff26,1,,29.9998117,33.0008068,20.6250279,,,,,,,,,,,,,,,,,,,,,,,,,,,
Waypoint 130,16:0:0:1:0:0:0,VRF_UUID:91d35921-afe2-49c7-bb6b-63e3b1832785,1,,29.9997123,33.0012684,39.0463624,,,,,,,,,,,,,,,,,,,,,,,,,,,
House2,16:0:0:1:0:0:0,VRF_UUID:91dcf1d6-6922-4f6b-b08f-93fd00067164,1,,29.9995199,33.0005282,10.00616,,,,,,,,,,,,,,,,,,,,,,,,,,,
Suicide2,16:0:0:1:0:0:0,VRF_UUID:93f87674-1c02-4d2e-911e-80b103f8ba3b,1,,29.999815,33.0008424,21.0201285,,,,,,,,,,,,,,,,,,,,,,,,,,,
Waypoint 63,16:0:0:1:0:0:0,VRF_UUID:971cb73a-b40e-4add-858e-46ea81b42495,1,,29.9992168,33.0003452,20.534508,,,,,,,,,,,,,,,,,,,,,,,,,,,
Waypoint 2,16:0:0:1:0:0:0,VRF_UUID:986441ba-d6d5-4ea1-812b-e6264a412a45,1,,29.9999134,32.9996544,36.3978979,,,,,,,,,,,,,,,,,,,,,,,,,,,
Waypoint 134,16:0:0:1:0:0:0,VRF_UUID:9c3062a6-c9b3-4d9d-9c22-1a6606b157cc,1,,29.9993136,33.0012699,38.7485087,,,,,,,,,,,,,,,,,,,,,,,,,,,
Waypoint 71,16:0:0:1:0:0:0,VRF_UUID:9dda2af8-5ec4-4026-b06e-45e9a1c953f6,1,,29.9993149,33.0004618,20.1234821,,,,,,,,,,,,,,,,,,,,,,,,,,,
Waypoint 53,16:0:0:1:0:0:0,VRF_UUID:9e34eed0-c04c-444e-9cc7-a75bfbff3397,1,,29.9993163,33.0002317,19.6180348,,,,,,,,,,,,,,,,,,,,,,,,,,,
Waypoint 107,16:0:0:1:0:0:0,VRF_UUID:9e551274-52e4-4f85-9382-bb5f1007316c,1,,29.9993136,33.0009233,28.2113558,,,,,,,,,,,,,,,,,,,,,,,,,,,
Waypoint 3,16:0:0:1:0:0:0,VRF_UUID:a11139df-7894-4229-a524-e1325b567ee8,1,,29.999814,32.9996544,36.9854331,,,,,,,,,,,,,,,,,,,,,,,,,,,
Waypoint 87,16:0:0:1:0:0:0,VRF_UUID:a26722f9-c25d-446d-abb8-7f0dbe97149b,1,,29.9995147,33.0006933,20.2720294,,,,,,,,,,,,,,,,,,,,,,,,,,,
Waypoint 54,16:0:0:1:0:0:0,VRF_UUID:a6bcd380-927a-45ad-a16e-789810e56b1c,1,,29.9992182,33.0002302,19.6178681,,,,,,,,,,,,,,,,,,,,,,,,,,,
Waypoint 91,16:0:0:1:0:0:0,VRF_UUID:acdce3d1-c7bf-4321-91a0-a1167dc1ddac,1,,30.0000093,33.0008068,21.1644297,,,,,,,,,,,,,,,,,,,,,,,,,,,
Waypoint 44,16:0:0:1:0:0:0,VRF_UUID:adf06839-6e13-4c6e-8692-1420bb9296f9,1,,29.9993163,33.0001167,19.8534617,,,,,,,,,,,,,,,,,,,,,,,,,,,
House3,16:0:0:1:0:0:0,VRF_UUID:adfad300-33d9-4155-96a1-3acaf2b397a7,1,,29.9995706,33.0004819,9.53707147,,,,,,,,,,,,,,,,,,,,,,,,,,,
Waypoint 59,16:0:0:1:0:0:0,VRF_UUID:af6d9fdf-8c9a-4aa0-8383-a610bbd967cf,1,,29.9996142,33.0003452,20.0040176,,,,,,,,,,,,,,,,,,,,,,,,,,,
Waypoint 118,16:0:0:1:0:0:0,VRF_UUID:afaf7983-4990-4d44-b04f-6006912eda42,1,,30.0000106,33.0011518,33.9086986,,,,,,,,,,,,,,,,,,,,,,,,,,,
Waypoint 77,16:0:0:1:0:0:0,VRF_UUID:afc0240a-3d58-4477-ba03-e7549c8d225c,1,,29.9996155,33.0005768,23.3680551,,,,,,,,,,,,,,,,,,,,,,,,,,,
Waypoint 20,16:0:0:1:0:0:0,VRF_UUID:afcc2178-f56e-47fc-aec7-937636a07f55,1,,29.9999152,32.9998836,20.8448221,,,,,,,,,,,,,,,,,,,,,,,,,,,
Waypoint 32,16:0:0:1:0:0:0,VRF_UUID:b0180dec-8aa4-4ced-b351-55bda9b4afb0,1,,29.9996168,32.9999987,20.010253,,,,,,,,,,,,,,,,,,,,,,,,,,,
Waypoint 120,16:0:0:1:0:0:0,VRF_UUID:b06db38e-2d4b-44ba-8a57-6da69aaa57b3,1,,29.9998131,33.0011518,33.8123675,,,,,,,,,,,,,,,,,,,,,,,,,,,
Waypoint 133,16:0:0:1:0:0:0,VRF_UUID:b44fc28a-3b49-4719-aab1-b90fca47cb13,1,,29.999414,33.0012684,41.6163208,,,,,,,,,,,,,,,,,,,,,,,,,,,
Waypoint 98,16:0:0:1:0:0:0,VRF_UUID:b65257ed-6411-4088-a7bd-c39241126f9f,1,,29.9993123,33.0008083,19.7463433,,,,,,,,,,,,,,,,,,,,,,,,,,,
Waypoint 18,16:0:0:1:0:0:0,VRF_UUID:b68f7c76-b30f-4bc7-a820-7c0fd96ee672,1,,29.9992181,32.9997686,18.7730651,,,,,,,,,,,,,,,,,,,,,,,,,,,
Waypoint 58,16:0:0:1:0:0:0,VRF_UUID:b6ca27f6-a5fb-4b1b-b827-71b716f009fa,1,,29.9997136,33.0003452,27.6169122,,,,,,,,,,,,,,,,,,,,,,,,,,,
Waypoint 42,16:0:0:1:0:0:0,VRF_UUID:b9e589fb-202b-4ddc-a0d9-78411b897ff4,1,,29.9995161,33.0001152,20.0044411,,,,,,,,,,,,,,,,,,,,,,,,,,,
Waypoint 7,16:0:0:1:0:0:0,VRF_UUID:baaf5a61-d72f-48ab-81c6-6c00732050f6,1,,29.9994149,32.9996544,37.0192835,,,,,,,,,,,,,,,,,,,,,,,,,,,
Waypoint 105,16:0:0:1:0:0:0,VRF_UUID:bf1519d9-e557-4d50-a5fd-1fb4f2d97802,1,,29.9995134,33.0009218,21.8771304,,,,,,,,,,,,,,,,,,,,,,,,,,,
Waypoint 119,16:0:0:1:0:0:0,VRF_UUID:bf9f5580-4396-4bd0-9bbd-dfcca4ce176f,1,,29.9999125,33.0011518,33.8123888,,,,,,,,,,,,,,,,,,,,,,,,,,,
EnCom 1,3:1:222:4:205:1:0,VRF_UUID:c33ac3ed-295f-4e5c-8b8f-e689ed568d7a,2,,29.9996021,33.0001284,0.194550894,,,,,,,,,,,,,,,,,,,,,,,,,,,
Waypoint 94,16:0:0:1:0:0:0,VRF_UUID:c465307f-77f8-4cbc-8e70-e72eb8a04424,1,,29.999711,33.0008068,20.2630033,,,,,,,,,,,,,,,,,,,,,,,,,,,
Waypoint 129,16:0:0:1:0:0:0,VRF_UUID:c5d5c7e4-4ddd-47a8-bd3d-f58f37978b6f,1,,29.999813,33.0012684,36.9535639,,,,,,,,,,,,,,,,,,,,,,,,,,,
Suicide1,16:0:0:1:0:0:0,VRF_UUID:c6afe7d6-c4ef-4a31-81a7-836a5bc2d507,1,,29.9993852,33.0008575,20.5126056,,,,,,,,,,,,,,,,,,,,,,,,,,,
Terrain Draw Area 1,18:0:0:5:0:0:0,VRF_UUID:c7a80761-66cf-4a77-ae77-1910d77dd0e8,1,Tactical Graphics,30.0000407,32.9993325,12.2738141,29.9988439,32.9993488,12.2738771,29.9987751,33.0012414,12.2739598,30.0001626,33.0015097,12.2738995,,,,,,,,,,,,,,,,,,
Waypoint 62,16:0:0:1:0:0:0,VRF_UUID:c7d3707f-5542-41e1-9d26-168cb80fcc87,1,,29.9993149,33.0003468,20.0047072,,,,,,,,,,,,,,,,,,,,,,,,,,,
Waypoint 102,16:0:0:1:0:0:0,VRF_UUID:c8fc464f-4ecc-46e1-a7a3-6988439de1db,1,,29.999813,33.0009218,23.142133,,,,,,,,,,,,,,,,,,,,,,,,,,,
Waypoint 92,16:0:0:1:0:0:0,VRF_UUID:c95ff581-d52a-4fa5-b9a8-13d0704abe11,1,,29.9999112,33.0008068,30.0797399,,,,,,,,,,,,,,,,,,,,,,,,,,,
Waypoint 85,16:0:0:1:0:0:0,VRF_UUID:c9cb0fce-5454-4ea5-b73f-0cc6809359dd,1,,29.9997136,33.0006933,20.6392822,,,,,,,,,,,,,,,,,,,,,,,,,,,
Waypoint 40,16:0:0:1:0:0:0,VRF_UUID:c9df23b8-836e-43df-9b74-68b7d9fdcb4e,1,,29.999715,33.0001152,20.0048918,,,,,,,,,,,,,,,,,,,,,,,,,,,
Suicide,1:2:225:50:127:1:2,VRF_UUID:cb5284fa-66e9-45a7-8d9b-8e43f2a37013,1,,29.9966709,32.9994617,2.12602784,,,,,,,,,,,,,,,,,,,,,,,,,,,
Waypoint 111,16:0:0:1:0:0:0,VRF_UUID:cff3f8ce-5493-4a8d-afe1-74f1b30a6132,1,,29.9998157,33.0010383,26.4655833,,,,,,,,,,,,,,,,,,,,,,,,,,,
Waypoint 10,16:0:0:1:0:0:0,VRF_UUID:d48b3fc6-be74-4bed-8d94-52d026f16743,1,,30.0000132,32.9997686,27.9949974,,,,,,,,,,,,,,,,,,,,,,,,,,,
Waypoint 113,16:0:0:1:0:0:0,VRF_UUID:d5f11ad8-1557-415e-928f-091ec210f8ad,1,,29.9996155,33.0010383,29.2629537,,,,,,,,,,,,,,,,,,,,,,,,,,,
RPG,3:1:102:4:246:1:0,VRF_UUID:d7742c40-cd7f-4f0d-9e48-a7a8a2b42459,2,,29.999769,33.0000498,0.384443885,,,,,,,,,,,,,,,,,,,,,,,,,,,
Waypoint 13,16:0:0:1:0:0:0,VRF_UUID:dac4ea8c-b716-4d99-8f2e-0af8f1ea74ce,1,,29.9997149,32.9997686,27.3749036,,,,,,,,,,,,,,,,,,,,,,,,,,,
Waypoint 38,16:0:0:1:0:0:0,VRF_UUID:dae66801-eb56-4293-adbc-5fc4efa81060,1,,29.9999151,33.0001152,20.2348269,,,,,,,,,,,,,,,,,,,,,,,,,,,
Waypoint 15,16:0:0:1:0:0:0,VRF_UUID:db4b9060-fc57-4f51-997c-1a30cd625120,1,,29.9995161,32.9997686,17.9613848,,,,,,,,,,,,,,,,,,,,,,,,,,,
Waypoint 9,16:0:0:1:0:0:0,VRF_UUID:dbb20113-d80b-47eb-a199-f8f14b22ca3d,1,,29.9992164,32.9996544,26.9021436,,,,,,,,,,,,,,,,,,,,,,,,,,,
Waypoint 103,16:0:0:1:0:0:0,VRF_UUID:dc04aba1-989e-447c-9c83-051d84d10677,1,,29.9997123,33.0009218,26.7119956,,,,,,,,,,,,,,,,,,,,,,,,,,,
Waypoint 72,16:0:0:1:0:0:0,VRF_UUID:de57d0df-8440-4c32-9da6-cd31333535e3,1,,29.9992168,33.0004602,32.128792,,,,,,,,,,,,,,,,,,,,,,,,,,,
Waypoint 123,16:0:0:1:0:0:0,VRF_UUID:decc8ac4-4868-42be-b494-8ca399793034,1,,29.9995134,33.0011518,37.585336,,,,,,,,,,,,,,,,,,,,,,,,,,,
UGV,1:1:225:2:5:19:0,VRF_UUID:e023c156-6eee-4a0f-9b81-c8412ba02886,1,,29.996738,32.9995218,1.01453949,,,,,,,,,,,,,,,,,,,,,,,,,,,
Waypoint 124,16:0:0:1:0:0:0,VRF_UUID:e08d7ce8-ff34-44e0-8b04-d3bff9305eb1,1,,29.999414,33.0011518,39.3644936,,,,,,,,,,,,,,,,,,,,,,,,,,,
Waypoint 66,16:0:0:1:0:0:0,VRF_UUID:e27b2a71-0c50-48f4-9511-6dc14dbccbed,1,,29.9998144,33.0004602,20.0046895,,,,,,,,,,,,,,,,,,,,,,,,,,,
Waypoint 5,16:0:0:1:0:0:0,VRF_UUID:e2fca4ab-5883-47f4-8a17-e42f98fab326,1,,29.9996138,32.9996544,35.129181,,,,,,,,,,,,,,,,,,,,,,,,,,,
Waypoint 115,16:0:0:1:0:0:0,VRF_UUID:e43c9981-bad0-40c8-922a-f4634f9f8c14,1,,29.9994166,33.0010383,29.3062774,,,,,,,,,,,,,,,,,,,,,,,,,,,
Waypoint 128,16:0:0:1:0:0:0,VRF_UUID:e771fd14-82ef-4d7c-8019-cc21bec01786,1,,29.9999124,33.0012684,37.0761128,,,,,,,,,,,,,,,,,,,,,,,,,,,
Waypoint 41,16:0:0:1:0:0:0,VRF_UUID:ed5bb328-1306-47a9-8071-07262c39d759,1,,29.9996155,33.0001152,20.0046899,,,,,,,,,,,,,,,,,,,,,,,,,,,
Waypoint 122,16:0:0:1:0:0:0,VRF_UUID:f26af88a-312a-4664-b409-6b882eca1f0f,1,,29.9996129,33.0011518,35.5269632,,,,,,,,,,,,,,,,,,,,,,,,,,,
Waypoint 101,16:0:0:1:0:0:0,VRF_UUID:f508b0e1-e06f-43a4-af60-ca2497d2477c,1,,29.9999125,33.0009218,23.0488373,,,,,,,,,,,,,,,,,,,,,,,,,,,
Waypoint 51,16:0:0:1:0:0:0,VRF_UUID:fd7cfeb3-ccf6-4633-a0e6-f15b6a82f86d,1,,29.9995161,33.0002302,19.618019,,,,,,,,,,,,,,,,,,,,,,,,,,,
Waypoint 47,16:0:0:1:0:0:0,VRF_UUID:ff95ee12-951d-454b-b92d-ebae7ffae6d1,1,,29.9999152,33.0002302,19.6180149,,,,,,,,,,,,,,,,,,,,,,,,,,,
Waypoint 12,16:0:0:1:0:0:0,VRF_UUID:ffce7a39-296e-4115-abd5-a78512fc8a62,1,,29.9998157,32.9997686,29.5889385,,,,,,,,,,,,,,,,,,,,,,,,,,,
